{"1.25":    [130, 0.8415993665973733],
  "1.5":    [135, 0.8444767708860864],
  "1.75":   [110, 0.8461985197712157],
  "2.0":    [110, 0.8446379135218306],
  "2.25":   [105, 0.8463400377248615],
  "2.5":    [100, 0.8459932596715956]}